peer_pub_key,filename,size_gb,sha256,b64_nonce
<some-public-key-L>,myfileL1,1.0,<some-hash-mL1>,dXIALUZCWLxEIjko
"MIIBIjANBgkqhkiG9w0BAQEFAAOCAQ8AMIIBCgKCAQEAxXaJgt8rIUYgt56X1Zb/
YIKIeLQ+jBN2gxWo1PzYVXKTH/zBdwXL7SA0LJ6WVfQSG8RIHDMul7TQgOB6dI25
S8JhkIurT44lIKSgK9XfUnX11ZTp9gA/UeYiL5+UQrCgn3D2sYiXXFsUzaWel9Jd
E1U5wtiajNG/19z+Ltu8mk+L6cW32qHsI9+6aV6TgKKLT1Q/nmj/ldeTPL/4fsgp
9msL40/5cJjnAYMlidtxRZpJQgFjGN660s/TYMvyf8N0DXSfEaVIySNvFry7Nshy
bLySKsYXzaHTKN7uiVjDG0B435gkUP90gsh4a85fd5UY5doRCyI2NGgWqNXh02ze
9wIDAQAB",test.txt,4.4703483581542975e-08,39f7739d82141c0229604ad917edfee0d1a258fbb1face62589cd6914b8226e4,h2sGAqDrH58aYXgV
"MIIBIjANBgkqhkiG9w0BAQEFAAOCAQ8AMIIBCgKCAQEAxXaJgt8rIUYgt56X1Zb/
YIKIeLQ+jBN2gxWo1PzYVXKTH/zBdwXL7SA0LJ6WVfQSG8RIHDMul7TQgOB6dI25
S8JhkIurT44lIKSgK9XfUnX11ZTp9gA/UeYiL5+UQrCgn3D2sYiXXFsUzaWel9Jd
E1U5wtiajNG/19z+Ltu8mk+L6cW32qHsI9+6aV6TgKKLT1Q/nmj/ldeTPL/4fsgp
9msL40/5cJjnAYMlidtxRZpJQgFjGN660s/TYMvyf8N0DXSfEaVIySNvFry7Nshy
bLySKsYXzaHTKN7uiVjDG0B435gkUP90gsh4a85fd5UY5doRCyI2NGgWqNXh02ze
9wIDAQAB",test.txt,4.470348358154297e-08,56ea30bb632972b4b86362cca21c4d920b82d58d64f60f3ded0163ebf8796165,uCeG89dupo4AVpj/
